{
  "version": "1.0.0",
  "platformVersion": "6.0.0",
  "authentication": {
    "type": "session",
    "fields": [
      {
        "key": "username",
        "label": "Username",
        "required": true,
        "type": "string",
        "helpText": "The username or email you use to login to MangoApps"
      },
      {
        "key": "password",
        "label": "Password",
        "required": true,
        "type": "password"
      },
      {
        "key": "subdomain",
        "label": "Your MangoApps domain",
        "required": true,
        "type": "string",
        "helpText": "Example: abc.mangoapps.com"
      }
    ],
    "test": "$func$2$f$",
    "sessionConfig": {
      "perform": "$func$2$f$"
    },
    "connectionLabel": "$func$2$f$"
  },
  "beforeRequest": [],
  "afterResponse": [],
  "resources": {},
  "triggers": {
    "task_trigger": {
      "key": "task_trigger",
      "noun": "New  Task",
      "display": {
        "important": true,
        "label": "New Task",
        "description": "Triggers when a new task is assigned to a user."
      },
      "operation": {
        "inputFields": [
          {
            "key": "filter",
            "type": "string",
            "label": "Filter",
            "required": true,
            "choices": {
              "Completed_Tasks": "Completed Tasks",
              "Tasks_as_creator": "Tasks as creator",
              "Pending_Tasks": "Pending Tasks"
            }
          },
          {
            "key": "project_id",
            "type": "string",
            "label": "Team",
            "dynamic": "hiddensearch.id.name"
          },
          "$func$2$f$"
        ],
        "perform": "$func$2$f$",
        "sample": {
          "id": 4123
        }
      }
    },
    "event_trigger": {
      "key": "event_trigger",
      "noun": "event",
      "display": {
        "label": "New Event",
        "description": "Triggers when a new event is created.",
        "important": true
      },
      "operation": {
        "inputFields": [
          {
            "key": "filter",
            "type": "string",
            "label": "visibility",
            "required": true,
            "altersDynamicFields": true,
            "choices": {
              "Public": "Public",
              "Team": "Team"
            }
          },
          "$func$2$f$"
        ],
        "perform": "$func$2$f$",
        "sample": {
          "id": 1234,
          "Title": "event",
          "created_by_user_name": "John",
          "creator_by": 112233,
          "team_id": 594,
          "team": "team",
          "Description": "this is a sample event"
        }
      }
    },
    "post_trigger": {
      "key": "post_trigger",
      "noun": "Post",
      "display": {
        "important": true,
        "label": "New Post",
        "description": "Triggers when a new post is added."
      },
      "operation": {
        "inputFields": [
          {
            "key": "project_id",
            "type": "string",
            "label": "Fetch Post from my followers or a Team",
            "helpText": "If you do not select a Team, then by default company posts will be fetched",
            "dynamic": "hiddensearch.id.name"
          }
        ],
        "perform": "$func$2$f$",
        "sample": {
          "id": 1234,
          "title": "post",
          "created_name": "John",
          "creator_by": 112233,
          "team_id": 594,
          "team_name": "team",
          "description": "this is a sample post"
        }
      }
    },
    "hiddensearch": {
      "key": "hiddensearch",
      "noun": "User",
      "display": {
        "label": "Find Project",
        "description": "Finds an existing project.",
        "hidden": true
      },
      "operation": {
        "perform": "$func$2$f$",
        "outputFields": [
          {
            "key": "query",
            "label": "ID"
          }
        ],
        "sample": {
          "id": 1234
        },
        "canPaginate": true
      }
    },
    "hidden_form": {
      "key": "hidden_form",
      "noun": "New Form",
      "display": {
        "label": "Forms or Trackers",
        "description": "Search forms/trackers.",
        "hidden": true
      },
      "operation": {
        "perform": "$func$2$f$",
        "sample": {
          "id": 4123
        }
      }
    },
    "hiddentask": {
      "key": "hiddentask",
      "noun": "User",
      "display": {
        "label": "Find Task",
        "description": "Finds a task.",
        "hidden": true
      },
      "operation": {
        "perform": "$func$2$f$",
        "outputFields": [
          {
            "key": "query",
            "label": "ID"
          }
        ],
        "sample": {
          "id": 1234
        },
        "canPaginate": true
      }
    },
    "formtrigger": {
      "key": "formtrigger",
      "noun": "form",
      "display": {
        "label": "New Form Submission",
        "description": "Triggers when a new submission is added to a Form/Tracker."
      },
      "operation": {
        "inputFields": [
          {
            "key": "form_id",
            "required": true,
            "type": "string",
            "label": "Form/Tracker Name",
            "dynamic": "hidden_form.id.name"
          }
        ],
        "perform": "$func$2$f$",
        "sample": {
          "id": 1234,
          "tracker_name": "post",
          "project": "nodejs",
          "team": "team"
        }
      }
    },
    "hiddenmilestone": {
      "key": "hiddenmilestone",
      "noun": "User",
      "display": {
        "label": "Find Milestone",
        "description": "Finds a milstone.",
        "hidden": true
      },
      "operation": {
        "perform": "$func$2$f$",
        "outputFields": [
          {
            "key": "query",
            "label": "ID"
          }
        ],
        "sample": {
          "id": 1234
        },
        "canPaginate": true
      }
    },
    "hiddenusersearch": {
      "key": "hiddenusersearch",
      "noun": "User",
      "display": {
        "label": "Find a User",
        "description": "Finds an existing User",
        "hidden": true
      },
      "operation": {
        "perform": "$func$2$f$",
        "outputFields": [
          {
            "key": "query",
            "label": "ID"
          }
        ],
        "sample": {
          "id": 1234
        },
        "canPaginate": true
      }
    },
    "opportunity_search": {
      "key": "opportunity_search",
      "noun": "Opportunity",
      "display": {
        "label": "New Opportunity",
        "description": "Triggers when a new opportunity is added to the company."
      },
      "operation": {
        "perform": "$func$2$f$",
        "sample": {
          "id": 1234,
          "name": "post",
          "created_name": "John",
          "created_at": 112233
        }
      }
    },
    "wiki_trigger": {
      "key": "wiki_trigger",
      "noun": "Wiki",
      "display": {
        "label": "New Wiki",
        "description": "Triggers when new wiki is added."
      },
      "operation": {
        "inputFields": [
          {
            "key": "project_id",
            "type": "string",
            "label": "Team",
            "helpText": "Search team name",
            "required": true,
            "dynamic": "hiddensearch.id.name"
          }
        ],
        "perform": "$func$2$f$",
        "sample": {
          "id": 1234,
          "title": "wiki",
          "description_chunks": "Hello World",
          "stripped_description": "Jump to navigation Jump to search",
          "tile_content": "Jump to navigation Jump to search",
          "creator_by": 112233,
          "created_name": "John",
          "team_id": 4756,
          "description": "this is a asample wiki"
        }
      }
    }
  },
  "searches": {
    "team_search": {
      "key": "team_search",
      "noun": "Team",
      "display": {
        "label": "Find a Team",
        "description": "Finds an existing team."
      },
      "operation": {
        "inputFields": [
          {
            "key": "query",
            "type": "string",
            "label": "Team",
            "required": true,
            "helpText": "Search a team name"
          }
        ],
        "perform": "$func$2$f$",
        "sample": {
          "id": 1234
        }
      }
    },
    "user_search": {
      "key": "user_search",
      "noun": "User",
      "display": {
        "label": "Find a User",
        "description": "Finds an existing user."
      },
      "operation": {
        "inputFields": [
          {
            "key": "name",
            "type": "string",
            "label": "User",
            "required": true,
            "helpText": "Search user using email address"
          }
        ],
        "perform": "$func$2$f$",
        "outputFields": [
          {
            "key": "name",
            "label": "User"
          }
        ],
        "sample": {
          "id": 1234,
          "name": "abc"
        }
      }
    },
    "teammember_search": {
      "key": "teammember_search",
      "noun": "team member",
      "display": {
        "important": true,
        "label": "Find a Member in a Team",
        "description": "Finds an existing member in team."
      },
      "operation": {
        "inputFields": [
          {
            "key": "conversation_id",
            "type": "integer",
            "label": "Team ID",
            "required": true,
            "helpText": "perform search step to get the team id"
          },
          {
            "key": "email",
            "type": "string",
            "label": "Email",
            "required": true,
            "helpText": "Search an existing user by email"
          }
        ],
        "perform": "$func$2$f$",
        "outputFields": [
          {
            "key": "query",
            "label": "ID"
          }
        ],
        "sample": {
          "id": 1234
        }
      }
    },
    "tracker_search": {
      "key": "tracker_search",
      "noun": "tracker",
      "display": {
        "important": true,
        "label": "Find a Tracker",
        "description": "Finds an existing tracker."
      },
      "operation": {
        "inputFields": [
          {
            "key": "name",
            "type": "string",
            "label": "Tracker Name",
            "required": true,
            "helpText": "Search an existing tracker"
          },
          {
            "key": "conversation_id",
            "type": "integer",
            "label": "Team ID",
            "required": true,
            "dynamic": "hiddensearch.id.name",
            "search": "team_search.id",
            "helpText": "perform search step to get the team id."
          }
        ],
        "perform": "$func$2$f$",
        "outputFields": [
          {
            "key": "name",
            "label": "Tracker "
          }
        ],
        "sample": {
          "id": 1234
        }
      }
    },
    "milstone_search": {
      "key": "milstone_search",
      "noun": "User",
      "display": {
        "important": true,
        "label": "Find a Milestone",
        "description": "Finds an existing milestone."
      },
      "operation": {
        "inputFields": [
          {
            "key": "conversation_id",
            "type": "integer",
            "label": "Team ID",
            "required": true,
            "helpText": "perform search step to get the team id"
          },
          {
            "key": "milestone",
            "type": "string",
            "label": "Milestone",
            "required": true
          }
        ],
        "perform": "$func$2$f$",
        "outputFields": [
          {
            "key": "name",
            "label": "User"
          }
        ],
        "sample": {
          "id": 1234
        }
      }
    }
  },
  "creates": {
    "formtracker_action": {
      "key": "formtracker_action",
      "noun": "Form and Tracker",
      "display": {
        "label": "Submit a Form",
        "description": "Update an existing form or a tracker."
      },
      "operation": {
        "inputFields": [
          {
            "key": "form_id",
            "type": "string",
            "label": "Form/Tracker",
            "required": true,
            "altersDynamicFields": true,
            "dynamic": "hidden_form.id.name"
          },
          "$func$2$f$"
        ],
        "perform": "$func$2$f$",
        "sample": {
          "id": 12344
        },
        "outputFields": [
          {
            "key": "id",
            "label": "id"
          },
          {
            "key": "title",
            "label": "Title"
          },
          {
            "key": "description",
            "label": "Description"
          },
          {
            "key": "external_images",
            "label": "External images"
          }
        ]
      }
    },
    "post_action": {
      "key": "post_action",
      "noun": "Post",
      "display": {
        "important": true,
        "label": "Create Post",
        "description": "Creates a new post in a team or company."
      },
      "operation": {
        "inputFields": [
          {
            "key": "title",
            "required": true,
            "type": "string",
            "label": "Title"
          },
          {
            "key": "description",
            "required": true,
            "type": "string",
            "label": "Description"
          },
          {
            "key": "conversation_id",
            "type": "integer",
            "label": "Team ID",
            "helpText": "If you do not select a Team, then by default post will be created in company",
            "dynamic": "hiddensearch.name.id",
            "search": "team_search.id"
          },
          {
            "key": "external_images",
            "type": "string",
            "label": "Attachment",
            "helpText": "Select a link of an image"
          }
        ],
        "perform": "$func$2$f$",
        "sample": {
          "id": 12344,
          "title": "abc",
          "description": "this is a sample post",
          "external_images": "abc.com/image.jpg",
          "conversation_id": 12345
        }
      }
    },
    "event_action": {
      "key": "event_action",
      "noun": "Creates a new Event",
      "display": {
        "important": true,
        "label": "Create Event",
        "description": "Create an event in a team or company."
      },
      "operation": {
        "inputFields": [
          {
            "key": "title",
            "type": "string",
            "label": "Title",
            "required": true,
            "helpText": "Enter title here"
          },
          {
            "key": "location",
            "type": "string",
            "label": "Location",
            "required": true,
            "helpText": "Enter location here"
          },
          {
            "key": "start_datetime",
            "type": "datetime",
            "label": "Start Date",
            "required": true,
            "helpText": "Enter starting date and time"
          },
          {
            "key": "end_datetime",
            "type": "datetime",
            "label": "End Date",
            "required": true,
            "helpText": "Enter ending date and time"
          },
          {
            "key": "privacy",
            "type": "string",
            "label": "Privacy",
            "required": true,
            "helpText": "Maybe public "
          },
          {
            "key": "personal_note",
            "type": "string",
            "label": "Personal note"
          },
          {
            "key": "agenda",
            "type": "string",
            "label": "Agenda"
          },
          {
            "key": "events_members_ids",
            "type": "integer",
            "label": "Attendees",
            "helpText": "perform search step to get the user id",
            "dynamic": "hiddenusersearch.id.name",
            "search": "user_search.id",
            "list": true
          },
          {
            "key": "conversation_id",
            "type": "integer",
            "label": "Team ID",
            "helpText": "perform search step to get the team id",
            "dynamic": "hiddensearch.id.name",
            "search": "team_search.id"
          }
        ],
        "perform": "$func$2$f$",
        "sample": {
          "agenda": "Agenda 012"
        },
        "outputFields": [
          {
            "key": "title",
            "label": "Title"
          },
          {
            "key": "location",
            "label": "Location"
          },
          {
            "key": "start_datetime",
            "label": "Start date and time"
          },
          {
            "key": "end_datetime",
            "label": "End date and time"
          },
          {
            "key": "privacy",
            "label": "Privacy"
          },
          {
            "key": "events_members_ids",
            "label": "Event member id"
          },
          {
            "key": "personal_note",
            "label": "Personal note"
          },
          {
            "key": "agenda",
            "label": "Agenda"
          }
        ]
      }
    },
    "task_action": {
      "key": "task_action",
      "noun": "Task",
      "display": {
        "label": "Create Task",
        "description": "Creates a new Task in a team or company.",
        "important": true
      },
      "operation": {
        "inputFields": [
          {
            "key": "name",
            "type": "string",
            "label": "Name",
            "required": true,
            "helpText": "Enter task "
          },
          {
            "key": "conversation_id",
            "type": "integer",
            "label": "Team ID",
            "required": true,
            "helpText": "perform search step to get the team id",
            "dynamic": "hiddensearch.id.name",
            "search": "team_search.id"
          },
          {
            "key": "notes",
            "type": "string",
            "label": "Notes"
          },
          {
            "key": "start_on",
            "type": "string",
            "label": "Start on"
          },
          {
            "key": "due_on",
            "type": "string",
            "label": "Due on"
          },
          {
            "key": "assigned_to",
            "type": "integer",
            "label": "Assigned to",
            "helpText": "You will get the user ID from search step",
            "dynamic": "hiddenusersearch.id.name",
            "search": "user_search.id"
          },
          {
            "key": "milestone_name",
            "type": "string",
            "label": "Milestone",
            "helpText": "You will get the milestone ID from search step",
            "dynamic": "hiddenmilestone.id.name",
            "search": "milstone_search.id"
          },
          {
            "key": "type",
            "type": "string",
            "label": "Type"
          }
        ],
        "perform": "$func$2$f$",
        "sample": {
          "name": "1234"
        },
        "outputFields": [
          {
            "key": "name",
            "label": "Name"
          },
          {
            "key": "notes",
            "label": "Notes"
          },
          {
            "key": "start_on",
            "label": "Start On"
          },
          {
            "key": "due_on",
            "label": "Due On"
          }
        ]
      }
    },
    "wiki_action": {
      "key": "wiki_action",
      "noun": "Wiki",
      "display": {
        "label": "Create Wiki",
        "description": "Creates a new wiki in a team."
      },
      "operation": {
        "inputFields": [
          {
            "key": "title",
            "required": true,
            "type": "string",
            "label": "Title",
            "helpText": "Enter title of the wiki"
          },
          {
            "key": "description",
            "type": "string",
            "label": "Description",
            "helpText": "Enter description of the wiki"
          },
          {
            "key": "conversation_id",
            "required": true,
            "type": "string",
            "label": "Team ID",
            "helpText": "Search for team",
            "dynamic": "hiddensearch.id.name"
          }
        ],
        "perform": "$func$2$f$",
        "sample": {
          "id": 121212,
          "message": "Hello World"
        }
      }
    }
  },
  "searchOrCreates": {}
}